{"schemaVersion":"1.0","appDefinitionTemplate":{"id":"/providers/Microsoft.PowerApps/apps/","type":"Microsoft.PowerApps/apps","tags":{"primaryDeviceWidth":"1366","primaryDeviceHeight":"768","supportsPortrait":"true","supportsLandscape":"true","primaryFormFactor":"Tablet","publisherVersion":"3.22083.10","minimumRequiredApiVersion":"2.2.0","hasComponent":"false","hasUnlockedComponent":"false","isUnifiedRootApp":"false","sienaVersion":"20220831T181023Z-3.22083.10.0"},"properties":{"appVersion":"2022-08-31T18:10:23Z","lifeCycleId":"Published","createdByClientVersion":{"major":3,"minor":22083,"build":10,"revision":0,"majorRevision":0,"minorRevision":0},"minClientVersion":{"major":3,"minor":22083,"build":10,"revision":0,"majorRevision":0,"minorRevision":0},"backgroundColor":"rgba(0, 176, 240, 1)","backgroundImageUri":"/7728295888826457120/N7b9d82ec-4c74-46d1-8d46-9dcd6a8b2ffd-logoSmallFile","displayName":"ProjektspårareApp","description":"Projektspårare App med tre skärmar, Main, hantera deltagare och hantera klienter.","commitMessage":"","appUris":{"documentUri":{"value":"/7728295888826457120/N51d07e5e-5ec3-4e5e-be48-b5388bd3fa21-document.msapp"},"imageUris":[],"additionalUris":[]},"createdTime":"0001-01-01T00:00:00Z","lastModifiedTime":"0001-01-01T00:00:00Z","sharedGroupsCount":0,"sharedUsersCount":0,"icons":{"smallIconUri":"/7728295888826457120/N698d05c6-e21c-437c-a914-ef7a42113e78-small.png","mediumIconUri":"/7728295888826457120/Nfed857a6-d622-4b55-9429-c26752cf3737-medium.png","largeIconUri":"/7728295888826457120/N68bcb8c8-fe52-467f-a8a2-201178d0bbb3-large.png","wideIconUri":"/7728295888826457120/N5acbd2d1-69ee-4e52-837a-380807756807-wide.png"},"connectionReferences":{},"databaseReferences":{"default.cds":{"databaseDetails":{"referenceType":"Environmental","environmentName":"default.cds","overrideValues":{"status":"NotSpecified"}},"dataSources":{"Projekts":{"entitySetName":"az_projekts","logicalName":"az_projekt"},"Projektuppgifters":{"entitySetName":"az_projektuppgifters","logicalName":"az_projektuppgifter"},"Deltagares":{"entitySetName":"az_anvandares","logicalName":"az_anvandare"},"Klients":{"entitySetName":"az_klients","logicalName":"az_klient"},"Process Sessions":{"entitySetName":"processsessions","logicalName":"processsession"}},"actions":["providers/PowerPlatform.Governance/Operations/Read"]}},"almMode":"Environment","performanceOptimizationEnabled":true,"canConsumeAppPass":true,"enableModernRuntimeMode":false,"executionRestrictions":{"isTeamsOnly":false,"dataLossPreventionEvaluationResult":{"status":"Compliant","lastEvaluationDate":"2022-08-30T10:12:04.171968Z","violations":[],"violationsByPolicy":[],"violationErrorMessage":"The app uses the following connectors: shared_commondataservice."}}},"appType":"ClassicCanvasApp","appComponents":[]}}